{
  "profiles": [
    {
      "driver_id": 1,
      "name": "sathi",
      "embedding": [
        0.00035161207779310644,
        0.007033763453364372,
        0.14501160383224487,
        0.026656363159418106,
        0.06748572736978531,
        -0.053718049079179764,
        -0.0020496398210525513,
        0.10843069851398468,
        0.17851193249225616,
        -0.030948536470532417,
        0.08969119936227798,
        0.09729520976543427,
        0.06336237490177155,
        0.12396223843097687,
        0.0027045609895139933,
        -0.09965924918651581,
        0.06412981450557709,
        -0.01612437702715397,
        -0.20831654965877533,
        -0.02769889123737812,
        -0.09055929630994797,
        -0.018310891464352608,
        -0.04137919843196869,
        -0.06924628466367722,
        0.03019980899989605,
        -0.008045508526265621,
        0.1101672500371933,
        0.024033410474658012,
        0.003961582202464342,
        0.022040104493498802,
        -0.0028167366981506348,
        0.23610912263393402,
        0.1847640573978424,
        -0.14327290654182434,
        -0.08269321173429489,
        -0.05846937745809555,
        0.09344620257616043,
        0.1290123164653778,
        0.0844855010509491,
        -0.01495041698217392,
        0.11769377440214157,
        0.047344040125608444,
        0.027220306918025017,
        0.12360680848360062,
        -0.08876857906579971,
        0.04900912940502167,
        -0.06925708800554276,
        0.11417891830205917,
        0.11902666091918945,
        0.06408555060625076,
        -0.06857172399759293,
        -0.03920469060540199,
        0.068656325340271,
        0.040664877742528915,
        -0.16225183010101318,
        -0.042704638093709946,
        -0.08713043481111526,
        -0.11454571783542633,
        -0.016227342188358307,
        -0.01300445944070816,
        -0.009073854424059391,
        -0.022644948214292526,
        -0.10108864307403564,
        -0.14507412910461426,
        0.11580882221460342,
        0.10971715301275253,
        -0.004886113107204437,
        0.13363336026668549,
        -0.02224145457148552,
        0.03466285020112991,
        -0.09633456915616989,
        -0.013244962319731712,
        -0.09077493101358414,
        0.09938476234674454,
        -0.015757344663143158,
        -0.09036394208669662,
        -0.18513204157352448,
        -0.046852607280015945,
        0.10777648538351059,
        0.06794498860836029,
        -0.022307461127638817,
        -0.13372524082660675,
        0.03245016187429428,
        0.061458807438611984,
        -0.040953200310468674,
        0.0941610336303711,
        0.002257873071357608,
        0.02834734506905079,
        -0.014331916347146034,
        0.005925453267991543,
        -0.050982967019081116,
        0.0370696522295475,
        0.06162923574447632,
        0.053957488387823105,
        0.02301979437470436,
        -0.09299023449420929,
        0.032692231237888336,
        0.006507124286144972,
        -0.031135758385062218,
        0.002073942916467786,
        0.009201176464557648,
        -0.007527521345764399,
        0.16875271499156952,
        -0.015294854529201984,
        -0.04921186715364456,
        0.10987365245819092,
        0.02409529685974121,
        0.20177283883094788,
        0.01063588261604309,
        0.07769893109798431,
        0.1716308444738388,
        -0.06352317333221436,
        0.09961682558059692,
        -0.17467603087425232,
        -0.16257037222385406,
        0.10977753251791,
        0.009083101525902748,
        0.013665693812072277,
        0.06843455135822296,
        -0.14185479283332825,
        -0.022974450141191483,
        -0.03735661134123802,
        -0.059371039271354675,
        -0.03476256877183914,
        0.05353787541389465,
        0.026674222201108932,
        -0.0064239767380058765,
        0.21654453873634338
      ],
      "enrollment_date": "2025-12-11T04:24:03",
      "quality_metrics": {
        "consistency_mean": 0.7848567366600037,
        "consistency_std": 0.04328065738081932,
        "consistency_min": 0.6843022704124451,
        "frames_captured": 30,
        "augmented_embeddings": 180,
        "frames_used": 144,
        "augmentation_enabled": true
      }
    },
    {
      "driver_id": 2,
      "name": "Kiran K",